precio,descuento,stock,mes,categoria,demanda
40.581311290499436,0.05553987865158589,229,8,0,91.88180732034675
95.31785910894203,0.16257028421350744,400,9,0,32.02750763231182
74.53942447208348,0.2618837507629225,172,3,0,61.49082432617731
61.872555998718475,0.21966746592286834,448,3,0,91.1076135040533
19.82177084203147,0.2419683443584349,229,2,1,161.05041435554554
19.81947943193925,0.1976350100132152,279,8,0,149.0933870074113
10.517943155978948,0.20768296935535574,129,10,1,149.70922501872727
87.28673384861884,0.2547586954695958,403,1,2,44.89222821221681
62.10592611560484,0.07490040265775579,345,8,2,80.50285859731373
72.26689489062431,0.14682748909294213,409,7,0,60.32095053488405
6.955526958101233,0.06636283254588067,191,7,2,154.23316198552126
97.14143595538945,0.2963004023989941,488,3,2,48.37700545591396
84.08205087604007,0.28321780190598395,115,1,2,41.6232915535246
25.172215514436235,0.01182804341055177,226,4,0,117.83021445822182
22.27337188467456,0.21167255175470653,214,9,0,116.02060128737443
22.42342843607621,0.27757449522469974,79,5,2,145.63194937132457
33.90301308115608,0.05417260353820006,53,1,1,108.5371144576287
54.851861005062595,0.17038356916578884,338,5,2,97.41755976654339
46.034776771001,0.27464648927641255,310,8,0,94.56663594954614
32.66676831881398,0.010183793575739652,237,8,0,127.15742419796658
63.12602499862605,0.20922608017405198,193,5,0,70.77009784458274
18.251916761943974,0.08920470221176523,116,12,2,129.99440694067744
32.75374161084572,0.27731885861295913,93,9,1,108.69246196019114
39.804375112900715,0.2913174735496103,347,1,0,104.33985369473096
48.32664850061841,0.2832799467340302,259,4,0,116.19748770300956
79.59171633233629,0.14226426499723913,372,3,2,69.19161244533376
23.969009305044175,0.25861279529679404,450,2,1,147.82184429374016
53.8522716492931,0.2533648195605211,30,8,2,76.59598780602289
61.27938404189403,0.09573014197297669,205,7,0,69.3469893444652
9.412789208399783,0.2486746422452032,187,9,1,154.16839839930498
62.716760930636646,0.011102290414647786,426,2,1,65.78137590298144
21.199791750292697,0.1788809635446159,484,4,0,148.42180839735335
11.179901333601554,0.06900265118631091,16,6,1,139.01130048825647
95.14412603906666,0.03617006573318364,79,11,1,23.22388670454672
96.73504314208314,0.023085960488762745,136,3,2,12.994174951450551
81.79774807106381,0.2088866327634419,408,8,0,42.38419244258202
33.93830807147022,0.10196248913041984,475,3,0,131.47614098130242
14.278850830606467,0.21743003145862844,169,12,0,145.34391971032414
70.0021375186549,0.01960690223968271,257,2,0,72.53123577384045
46.81448690526212,0.09458710134918309,212,3,0,109.40220273000605
16.593632310253987,0.16184738771260115,157,11,1,155.69646404292206
52.04180646057067,0.23721694945168906,481,6,2,102.23225842799566
8.266909505945748,0.09562575087962097,152,2,0,169.879474018438
91.38543819748429,0.18776741293110272,441,8,2,47.869638399285776
29.584098252001606,0.26579332447085613,208,1,2,145.57732290222674
67.9396170136283,0.18475895645469137,414,7,1,73.00232616397453
34.61255222849404,0.06988784242609013,435,2,0,120.33959640246718
54.406462011892025,0.007320234466961405,163,10,1,79.64659223223089
56.937476537611566,0.26102966217027895,385,12,0,98.414044398236
22.561173274925068,0.006380823255116142,393,6,1,148.6754006850599
97.11053963763307,0.2624105018052598,151,12,2,22.68342244832884
78.63761821930588,0.1586811402081636,322,2,0,67.72377958455293
94.25239944859797,0.28172030955386884,174,2,2,38.72976137612304
90.00859829062664,0.2396349707320996,323,10,2,40.98492891459355
61.80049798705309,0.29938023316000123,30,8,1,80.31503085224355
92.5780523271961,0.10521354463551304,91,12,0,16.210948272651024
13.406787694932353,0.23015648667933805,78,2,2,168.7997007916256
23.618371929818792,0.12057927408277264,140,7,1,100.95808259866598
9.296592446501116,0.14396268609117266,96,3,0,154.78267767975737
35.90638142251011,0.18825163896551103,227,8,0,99.2570507217399
41.924342520500794,0.2621031342559016,430,7,2,119.46207589986321
30.778158018520113,0.2952250407597885,481,8,0,141.7879341154968
83.73006336943328,0.23048202415935545,314,7,2,66.70534174295469
38.89156603589098,0.12533003465020012,412,11,0,111.60763055790464
31.688778420301173,0.12640710068312105,380,6,1,140.86730656032208
56.5561279000336,0.22127469047666745,354,7,2,82.14137627153501
18.387801372602453,0.07163314373049069,350,5,2,156.96665236516952
81.20871317163378,0.0331422339394184,393,7,0,44.75058752048553
12.082311149578228,0.10638664729223296,405,1,0,158.1802108326555
98.75425897704915,0.08617169749622451,454,1,2,25.51340977813348
78.36325308318246,0.08889243613679702,434,9,0,71.42337692322221
23.87798974574638,0.07008232531497298,170,5,1,137.06453007946655
5.524601126742228,0.012627956890908565,187,5,0,156.12951336027731
82.46883570320925,0.0053621804200241424,126,3,1,21.346171620319595
72.15144766552362,0.29631671692080946,205,5,1,59.68844566745261
74.2556809638938,0.1283319401207587,392,3,1,54.34731030513598
78.27068293516484,0.1152979941479045,499,9,1,40.82744643672633
12.034241914738583,0.20389418480792096,336,9,1,171.55652738678864
39.0542442117059,0.06547616635951925,95,6,0,96.16420673699015
16.00756065488732,0.2849883551850676,298,1,1,151.75313713399945
86.99482545818138,0.2359035043246656,90,7,0,50.7639593632168
64.21332204861801,0.026823300693677853,161,7,1,58.3112959378932
36.43531236100167,0.1252742327354785,70,10,2,96.7060337384121
11.038043277172246,0.2637354922686494,70,10,1,147.88225349252426
34.54332056298791,0.28341960668742305,363,4,2,119.17930897112032
35.89241559254097,0.14022045337496092,37,8,1,108.46595697281614
74.31258694211608,0.1840234167632123,451,6,1,66.54566964234478
65.56795977874525,0.05011018382762256,52,4,1,51.68085541732514
89.28521054475102,0.297350587841093,178,4,2,33.900681854725086
49.860417890385186,0.06950151041503301,432,2,2,99.22223374675374
16.36145336413866,0.2828195322405377,95,2,1,145.1836078210174
72.75825478618452,0.19489399469771054,186,12,0,54.70756667153353
77.27457961860526,0.18232103846365774,26,4,1,40.916523134323526
58.32133376910214,0.15380655330495258,107,5,2,74.7430987434009
78.2418820956833,0.0692009435153276,463,8,1,57.42304267684606
51.91058165461712,0.052958409601652476,207,6,2,85.44280766690707
54.65961879128943,0.0661458627210526,107,4,2,69.90115691663834
45.616396744062214,0.055931478643276356,74,11,2,98.11790790733542
7.414817040689043,0.23387534207002597,339,7,1,168.4898233165629
15.249685564363922,0.10503757775001903,350,8,2,144.8388830127063
7.9857726402397535,0.01735280296901891,14,2,2,143.03282336187664
65.45898907005915,0.29073078904224336,11,12,1,66.1543698588363
34.86381820225104,0.2651357654890277,31,7,2,95.17279742623813
53.31421566064677,0.27832568495856386,121,2,1,93.4044876591743
91.21881502297883,0.2984723467939306,66,2,2,21.200332781386415
28.68276176914312,0.05216857476584619,75,8,0,122.6785639168907
43.98637768838483,0.11887260567079762,339,2,0,104.49656736202817
76.77735816158962,0.22747154271122738,107,11,2,59.35824286708759
26.735825721704135,0.20880618541613766,153,9,0,121.68438515627462
12.313091433735334,0.046168771901956514,377,12,1,153.38809411590123
32.526388026807965,0.24474993749718532,444,1,0,147.7503498397161
20.31602228913042,0.0673321715509982,134,9,2,126.90240967970605
93.32127697254444,0.06714528444678693,176,1,2,16.267177776164626
81.77143605861961,0.16109232686802408,95,10,1,46.697868393289674
65.17335686849023,0.17788198045251094,85,10,2,71.74067968739982
87.78875606783318,0.17402586235134335,353,2,1,39.180667681669206
81.34884730541587,0.027446051219326462,433,6,0,31.144421398664885
22.724155594173403,0.2632382587891141,303,6,0,138.12544977321207
89.79310485654788,0.07968001277661181,453,1,1,48.71793857087298
56.23751298198682,0.03885447638484125,68,7,1,63.2361124520246
81.70681474058594,0.26662442396069314,147,8,2,48.01162071699379
90.12867349273186,0.286695449468926,108,2,0,27.96691285468507
35.210330122327065,0.25863828517963516,201,8,1,100.84474745023067
15.454932830129293,0.24285482241746342,252,9,0,144.80553010527996
26.65384044148446,0.1965725941917065,328,6,1,142.97918925425577
45.57523991949435,0.16525721118274178,58,5,0,69.09747587923744
82.71140276263685,0.02609602797342304,457,12,2,52.60937075947163
86.76940540935263,0.1225359639212096,41,9,0,16.16199776803742
5.660452400463117,0.1118065551036942,400,12,0,173.18406984923195
53.52099374486875,0.07792613512809786,286,11,0,95.05800549783831
44.654045299134005,0.21702603410657548,29,9,0,93.60075440751501
26.100241994719372,0.14876272052363124,163,1,0,124.74109144629028
16.387209896699865,0.02431386477229438,392,11,2,138.1712514222019
37.07344128334466,0.0660549605849434,77,3,1,88.08675210318052
94.57642187168932,0.20497762909787878,375,9,0,54.115177710697296
35.704278541971746,0.022839257847090056,381,11,2,107.9848308076856
54.28510906561978,0.2553620742146306,223,2,0,108.16840142426659
71.7868010950419,0.1485439581041923,152,12,0,48.751995864645
39.54481222603293,0.14417597319799438,385,4,1,122.3934842242276
97.31929785849127,0.17772233539785529,241,4,0,13.579098385619513
96.43249301950057,0.24740428977754475,222,2,2,34.05542512864653
28.919318103409594,0.10434276237065791,88,3,2,112.98228739188728
52.23860805977662,0.20340484576771906,223,3,1,89.83716859196433
33.58343943259312,0.1697195891987373,125,1,0,120.4610520088917
32.05984696585942,0.0801084810508264,101,6,2,106.27423995296121
8.504259998680617,0.2635889959065474,279,8,0,150.09157484285547
62.9086117280902,0.23922780648207842,420,12,0,96.21152836606313
52.75450720674184,0.19753555039752765,390,3,0,88.78601080994034
9.890481368748988,0.25517451872827257,498,5,1,177.98817672726926
31.471414102478086,0.2601882602879407,177,1,0,134.3822573140099
91.2852591668321,0.21250889301451042,67,10,2,23.292617036955203
27.75837961336238,0.2511039985091016,293,7,0,147.39115894632934
18.765012848666196,0.20924143850078508,35,10,2,138.8823897306528
51.49801222636849,0.20404223152809012,378,1,0,94.89647903540401
98.63679314050707,0.18558341346455529,456,12,2,48.1382709851279
27.99525079359254,0.22581499186729237,75,11,2,111.6311551855819
68.85287700355846,0.04758153158792211,418,9,0,66.23275677502276
77.35386345622817,0.26426122775967853,257,8,0,57.969118167448386
27.57556667927797,0.26155305832356956,263,7,2,140.91653990744408
74.18055311812665,0.008774184910367744,396,10,1,70.12221254213976
39.93939760832906,0.24774502516942878,465,7,0,136.25607041500498
65.06905390639005,0.03866096024203356,53,5,1,59.21695034825966
65.18532252228499,0.10053565627774257,106,5,0,59.74610798582398
55.89859498710206,0.22305247688748234,51,11,0,61.59488894744473
13.577528155168789,0.04822796881449246,236,5,0,130.70364766341928
84.35373708097761,0.24539010723571864,271,1,0,66.95545463323387
35.474106172314904,0.24964025338732257,176,8,1,99.71013353586838
22.719258487986153,0.15224032012825087,445,12,0,137.93822184201224
8.873638447702572,0.001915761515050074,288,11,2,162.63139322469954
61.134829602882974,0.08611143995247383,98,1,2,69.6004605852729
69.36861437501683,0.18507807551272265,388,4,1,83.88143292316781
6.575843748146335,0.294355853408227,187,9,0,169.63231056089862
53.64884053843169,0.1895440581050005,436,9,2,115.49976747121136
26.517098643804104,0.07794107431924793,412,5,1,137.6756786159051
66.29141508889774,0.1902017109298834,206,4,0,77.00744020466267
21.564810755474188,0.16199561391475664,316,3,2,134.31009924194316
70.63908511973426,0.23395361854534308,276,3,2,75.40238300344713
41.73985789855105,0.03209419164808752,277,12,1,98.88366175468552
93.98934892998977,0.2283083707506084,83,5,0,20.050336462738635
18.06448969386936,0.16237997360283307,17,10,0,140.81949928580897
37.40130334977456,0.28889760115769836,417,1,2,138.20915879381673
15.779984517855961,0.10256164981160583,485,5,2,172.59252727125767
92.84589373646347,0.18978656794018442,306,6,2,51.75311964717605
88.3472385711932,0.27960843165300525,173,7,0,49.28271533944822
29.504454632939783,0.030752918397203774,494,12,1,114.77650786808337
67.698484373247,0.28116854617093534,94,9,1,85.48751057817324
82.63610901911551,0.206365716690244,81,3,0,49.59379901250256
57.744077101948925,0.02035111773155157,64,2,1,59.94283933279117
55.316804943820614,0.09028907008404487,402,3,2,98.92833764409913
27.97596763554291,0.21245162659358446,56,12,1,111.08597246673757
13.844762941560425,0.02020518044063151,408,9,1,156.82941581078836
90.23549700556605,0.174651138052882,441,12,1,32.266610983554045
90.5397154305164,0.10376491708588702,247,7,2,23.64648862065338
65.14463844096045,0.18627465533024312,113,9,0,74.34606639707675
37.20783014962657,0.013722610143753854,219,2,2,116.5532527126768
38.17490958820279,0.2614610418457129,51,5,0,111.61505630431957
73.96578949267274,0.29204669075321904,325,4,0,67.04196393177213
90.22547469549482,0.2906633565857074,477,2,0,31.896292835873226
89.27321030518614,0.2248955495228774,463,9,1,48.39475102185106
79.08817685647426,0.03902587203918959,277,9,1,52.50387908549336
65.99300638465733,0.22747895877870677,395,6,0,78.96678730259288
12.993296674529638,0.007376074937640453,272,11,0,144.2530793241434
20.35472783898831,0.006637065458699176,345,6,1,135.19358683527327
90.36264791007252,0.09708306574486238,396,8,2,35.89311924391998
62.61076066766104,0.14659295712139972,374,6,0,82.87228075417656
5.873719903579817,0.23112222534233795,268,1,2,163.4185855902226
14.63979657227305,0.20498861298195156,292,4,1,167.3226313270074
68.0326680652653,0.1337708119130245,123,7,0,38.72535001391594
5.480850465390775,0.08208799988449976,372,2,2,159.02469843642803
20.27676488466237,0.29913735004731334,49,9,2,128.28915794019986
57.129709989825685,0.12785439067079188,495,8,2,97.63926054914518
70.73004378080586,0.13541610729890263,426,8,1,72.74718755256761
66.93631965274704,0.049087146357500756,229,7,1,79.72180885424876
26.30558439875318,0.2384428646249788,138,4,2,148.8751871160971
72.6570260280159,0.20810466773444658,17,2,2,44.53885978899366
27.538663312196007,0.06623088383662812,110,3,1,117.50854987387369
35.912971325130435,0.024714313684752808,425,12,2,120.57930286578555
75.91668348621229,0.20414979062241392,389,6,2,57.804326818428905
66.7151254094854,0.19635336428434055,185,12,1,75.27880046036516
85.6762239969469,0.0819778580994628,116,12,2,28.989483221903328
67.47322476853262,0.2852590686751231,110,5,2,57.876767774947446
58.9893173168698,0.04531736753427007,269,12,2,74.43620935874337
13.899102943668785,0.12970044031278058,487,8,1,150.00962187272935
39.93300129064618,0.28308477605027965,463,6,2,137.77120516073728
30.19422492976392,0.1259181950778367,375,6,1,148.77016491038268
28.17901612101294,0.19155778429922565,255,1,1,132.50755877238728
97.43600270148232,0.11927831938883827,284,4,0,25.122679597751187
42.34428384334224,0.082264560704601,41,5,0,94.17114993895854
89.74442274182576,0.29519329438794845,146,12,2,49.26537089604193
64.95816946973997,0.1228002018945129,21,11,1,71.35974592608751
80.5070738364566,0.2682297611037403,404,3,0,61.6943416150198
52.75052384499325,0.06898638176732586,311,9,2,92.39943259466733
59.80586903950412,0.06393141120752499,384,1,0,89.21423107289087
51.78918091279207,0.009340224865353408,25,6,0,62.656365308572234
23.54808384081423,0.19550004761276552,138,6,1,143.4789589936215
73.632950949843,0.11055790311712833,72,10,1,66.02678764336417
31.6733744318813,0.2593074749518911,118,5,0,133.0056331481672
7.310016810988115,0.14196297200746713,384,12,0,152.87718426774563
66.31986811118094,0.29045802837441653,30,5,1,46.84309469776068
21.825514543669648,0.055657654710936345,167,10,2,135.48179765522164
94.34356551352685,0.2605869503866832,278,5,1,27.81210475942302
95.6232148152458,0.23297905583752251,171,6,0,29.63546411023727
91.91211707094261,0.2312765533932156,269,8,2,52.49713926332234
40.16507652426722,0.2534349684350663,421,2,0,116.90458187136839
6.468378570242406,0.22830719728289967,111,6,2,153.48724544469178
93.1902634458339,0.18786609648942462,232,1,0,33.97513938160354
45.67749409014486,0.03937346330471627,68,4,2,73.87733563019623
96.83220780914861,0.009757853847375575,256,10,2,10.46101901858709
96.54389782347901,0.276254354344706,137,3,0,26.09544601952948
86.03589826939921,0.1849950943562214,292,9,2,41.791358625534755
32.97264474661064,0.23896118729285287,334,3,1,135.27316978271895
41.5842842171829,0.14445670545376502,34,6,0,124.20620509130657
85.8579837941014,0.03519245668871834,140,1,1,30.964030537465067
35.10759048984637,0.03755573766076513,362,12,0,108.89928168788859
21.101810935178786,0.2056695861686914,205,6,2,153.06316645324202
57.89611993354327,0.1290917684698388,290,4,2,68.22222376997483
93.93470354527419,0.060157418010101014,413,8,2,18.866733872302703
71.12283068412243,0.14747836402243106,427,11,0,66.08863778846069
59.15581115848967,0.019262681122540225,163,9,1,67.55055011319624
14.23176690822301,0.17459142057431962,391,4,1,150.7411933012094
63.425686536421125,0.0806980213305293,142,10,0,65.68124801766454
99.05511575990501,0.23926773019115644,236,12,0,27.928131897163755
18.307981447469782,0.09310858767707213,198,10,1,147.7830525654003
54.24131697455499,0.13656604472454034,485,6,1,100.62820951283236
88.35044183315577,0.0034861619724301904,486,1,1,36.32918287193682
75.37301868664942,0.021734066338367664,274,4,1,61.87362915133837
71.21649539455046,0.11774806692200544,381,7,0,59.93550549697326
71.73598797877538,0.14398165041513705,495,12,0,58.01907309572054
39.15165936587674,0.18000616443579112,443,1,2,134.48237935201988
32.89122520512687,0.08749877361279097,143,8,1,123.60663332105896
81.8893097704588,0.20849456583796275,220,12,2,40.66777971416888
81.96077249452217,0.25803671915676135,69,10,0,39.419688677845556
87.37187026510985,0.23395529666800494,437,12,0,43.320683982436194
91.75785249286477,0.011885647604507143,386,11,2,35.523745816579556
53.57752789178909,0.14415208417734868,404,6,1,114.36180528486463
52.64404799528396,0.03147905352545246,459,5,1,102.5866986692979
80.83804200184363,0.07261350475875823,440,10,1,64.7308586610028
66.7465734238877,0.2959987779801439,373,11,1,91.52736208008578
71.68685333948181,0.042748662870453966,373,9,2,63.25596164870905
80.6003035964296,0.14966644603540682,466,2,2,70.7162712862391
89.5505074726688,0.1854467202954357,222,5,0,43.496880434896596
37.1095399008959,0.21073949116323118,225,6,1,130.51712185834907
40.68038050079468,0.16789460504607423,235,7,1,104.52867008949413
13.928284284882555,0.0029312542257550977,479,5,1,135.82301988851006
59.93661339463653,0.09793839247319756,140,9,2,82.44450968043587
8.414516010690498,0.15531349301541342,85,1,1,152.8915958407955
49.231811722583714,0.026359949743450007,485,7,2,98.75981890008457
56.55124029721978,0.10518807936275422,295,10,1,82.78101539923313
32.22141895218702,0.009960932637409969,483,7,1,151.86278146261114
61.12915975405602,0.023573549146506223,286,4,0,67.36299130089859
7.897523744209696,0.11907698286047881,165,9,1,143.82453045844608
8.54807793117537,0.0398147262129181,257,12,1,152.87146174881636
83.14705326266754,0.17026225447846743,227,11,0,56.947441609651676
39.218110934069976,0.20683949074117972,199,5,2,134.2488280012463
17.070748701929055,0.24017600973272485,426,4,2,164.2763270676384
54.61310970520641,0.06004507327344302,478,7,1,82.27850166606822
78.14938754436803,0.05024477467772093,172,4,2,63.596800124512
25.5029976122001,0.031370352100320076,189,3,1,122.56933419594488
64.17459520280502,0.190929074863091,43,9,0,57.05746661999732
13.10800917440796,0.21194271794607034,50,11,0,132.64119756469805
9.909763511017731,0.009475843447692612,316,8,1,159.7724340992126
55.47868999897406,0.28086367387310696,440,1,0,105.2134425570584
56.36033655296012,0.015591385095441723,347,7,0,87.03981819479041
65.55584064232963,0.16238890059032113,323,9,1,88.80071525674093
73.97867670365285,0.21271815583527492,84,8,1,45.846346821188035
97.70594754894078,0.26129073712382567,450,8,0,52.66716181551659
54.04853308861355,0.21422607963972834,288,6,2,88.8469311211292
35.68086492941836,0.24051842492093753,185,11,2,139.3946975910429
80.54268850302685,0.10183505776284181,393,4,1,59.91511029353321
30.72906386989705,0.24444753412395365,159,8,1,114.87639560358834
46.70228496703543,0.024034453915402543,282,3,2,74.99411441201218
12.453356227515265,0.26844499681815825,334,9,0,169.53146272242512
7.408320624468463,0.16427771284612086,117,2,2,149.2096019457015
96.45159939440288,0.2451893309887481,148,2,2,23.426410512614734
84.41811144865956,0.13569548535549003,359,12,2,55.769567186526224
71.1175495789013,0.1930733085589575,280,12,2,77.08147932210247
43.85052971935564,0.15792079828083397,356,7,1,122.15734874170114
21.46296040673035,0.21947685652659957,428,12,1,138.43098913240507
19.861519053753174,0.024488994609176872,298,10,0,150.591118646075
28.773075325636555,0.01810562519716914,221,4,0,113.00521490972213
57.17653314708144,0.07413097020304393,390,10,0,64.87924944204778
72.88661265650592,0.0478634040339565,281,8,0,45.32884774833849
67.71875078818448,0.2615350699776605,427,9,2,85.02887823793195
31.59372020986457,0.06576419620741329,75,7,1,99.8594870347624
95.71220166300344,0.2927595767457394,492,5,1,44.789231651021375
75.10020708609801,0.10106873753133205,433,8,0,67.43565112271136
57.66363498858306,0.054635374706609785,257,4,0,77.27246222136304
63.113470892263464,0.23690955214274373,165,2,2,70.48172789017482
44.862005930640045,0.19761233265026282,56,11,2,82.8806471066708
28.53444400260996,0.14945871493594168,432,12,0,136.49070782503546
38.81740447186985,0.16660906528128935,463,6,1,102.60477268041235
76.99538049411507,0.21576053348167915,210,9,1,48.93497551571714
6.367381419826808,0.06853642239938962,157,1,1,142.44790789962164
16.02690084815704,0.2989001748170226,133,11,0,145.16088895352644
9.370250992066511,0.29243794864403494,10,10,1,148.93322295100927
8.869236220302163,0.19509770590408107,465,12,2,179.30059770908827
86.26875548104569,0.059862735278743535,256,7,2,52.224776314864634
71.84749664110225,0.20406847272938738,352,10,0,58.85439027244628
50.04651376329589,0.021659522693752754,137,9,2,102.79153174244409
14.294245261845141,0.009195750661741818,200,10,0,131.22546364510504
51.703508136099074,0.0773048665533641,76,9,1,81.83524895275049
49.97981822415374,0.1387868870217949,13,10,1,87.72824690634232
21.45417764145144,0.26048175162251413,451,11,1,177.8386486447736
46.215906677607435,0.2181507209298924,418,3,2,107.06085265245683
42.857949767750476,0.22281195635999432,312,11,0,94.48629303659348
63.505759314960564,0.1276480003344226,303,5,1,91.17755574621009
65.33389683242616,0.10378049776408887,152,8,0,56.454444051610835
9.30388092834423,0.11131162889538081,200,8,1,147.99387424649674
40.588198389514766,0.2962948691208173,30,4,2,94.25494933250697
64.45669199285246,0.012032757423744744,236,12,2,62.129562151419364
52.79794456510833,0.26010944883673454,322,11,0,91.50464023211983
86.36653491289061,0.17360262257171802,126,11,2,42.1947469241977
67.57589500379979,0.13158462575687713,446,1,2,78.32330507936396
20.47877057273582,0.21757729812454094,311,1,0,138.90015744097653
11.704031003040836,0.14600068242741085,151,4,1,157.25270738339856
66.02983142959998,0.26202697142449816,493,6,2,91.25656893357093
7.518574501454072,0.27021055920337755,469,8,0,157.22218370354722
60.64868022097901,0.1265162780620366,410,6,2,95.04982671247633
94.32187293537098,0.08304833917051548,48,12,2,16.918286393995643
59.670046898208504,0.17770509857800867,402,9,2,103.3875094575031
41.87614298961958,0.2737090036850073,364,9,2,120.31040996324745
66.11238075202355,0.06319865670169997,261,2,0,59.124268201373724
48.53402459669408,0.18688997506904484,342,10,0,101.60050852539274
56.83359498501382,0.18946806602775615,216,1,0,93.06220413267427
94.43915683376989,0.2199339067245843,219,2,2,22.58058948856575
41.67975059107356,0.03947030553817794,124,5,2,91.25092151922298
96.31310356327185,0.21474748940462657,234,4,2,25.750833325332884
91.00831098582606,0.2727097561996923,143,4,0,22.779305229086788
23.600157804983162,0.05390493266107259,260,9,2,122.73177567929314
11.589323583140718,0.07126299747716329,228,11,1,149.304666417189
14.573910130855532,0.29141852821249187,416,8,2,175.5348386908714
6.7310734368972245,0.054293085812846927,452,6,1,168.38951398240127
13.972081271813197,0.2563155280108737,100,1,2,146.39904189913366
69.8856434745539,0.14768335693441043,363,2,0,62.392994895366556
11.762921603721754,0.07416932232095311,385,6,2,166.26568782766734
35.302684877907325,0.2612249703817534,55,11,1,117.19227620169511
85.26315454209818,0.13359157650079964,47,2,1,24.067549376700313
7.210833894903457,0.15444520617890706,151,10,2,163.4424940534392
82.3745058459489,0.1077700108199297,109,5,1,42.8725123871778
31.776203603472993,0.17788525543047823,337,5,1,119.94465387265207
16.225658624057345,0.04905716177550683,199,6,0,137.05058759004731
71.19003070959431,0.11732446099552821,44,6,2,46.35344970295558
64.74957044408899,0.2908236967005862,156,6,2,101.55220856921187
88.35984128507003,0.07744002981033826,39,2,2,28.59968839416846
74.83174916136915,0.19702099936238765,343,10,1,66.62104677454808
81.33068838656061,0.09755701926740847,93,3,2,42.25844894429664
31.793284394274117,0.2320419377059802,378,6,2,146.60379617586278
21.856756659073667,0.03926209821550495,290,8,0,132.84416847778007
76.30840140588154,0.2909463135235634,433,12,0,65.8356205886983
81.64930023039008,0.13613686241509176,353,11,0,60.425725056143634
99.09798849006397,0.07081513900393918,279,12,1,17.094328555087895
44.19867930658552,0.022049024199003796,163,1,2,82.25547895926688
40.3417181503144,0.05092737152626222,111,1,0,84.93692703328092
78.75923127048969,0.1559321845668053,224,11,0,66.15072783100106
37.37633632403669,0.10110095292938588,159,2,0,108.2569888296071
93.42194593233864,0.24866500976478284,441,11,2,38.45465774980717
86.54921142508613,0.12926625709854178,92,12,2,28.896146606877263
45.75443260062674,0.07461428177628897,119,12,2,99.12351236795784
76.33275144019225,0.18514349598120902,444,6,1,64.02399248035162
76.68157303804482,0.21203316506563374,396,9,1,50.88510140444026
14.796767539413597,0.05011257237028496,435,4,0,155.31888583087309
90.74252613455883,0.0502857648864953,284,3,2,42.683977218222154
52.998975382546426,0.011001428080062891,210,12,0,92.96625150990602
83.51345928023545,0.22092060451969214,293,8,2,44.832541924258976
35.40471209790812,0.19914135828654153,477,11,2,143.3917263320487
90.07470670713904,0.14238926272494415,182,10,2,33.236902812254876
41.974159479745495,0.2532511346907591,336,9,1,128.91279095370697
6.029576890628344,0.24170104588501595,215,12,1,169.52755725833381
91.01128775983005,0.17560630931902563,72,11,2,10.647415399879506
13.672234294682688,0.2604813841539776,82,5,0,164.0831071407583
35.334795571089415,0.06175236301103047,260,9,2,113.60326330590694
95.25588686982647,0.03357588581931836,133,2,2,21.21290222536437
95.30767895906783,0.08092488345509688,384,3,0,16.844279449434676
59.47659937171218,0.017126056826794456,130,7,2,73.1946687845521
65.02453515613092,0.1593508584003096,284,7,0,85.66001751324569
47.60232458794038,0.28098170768848846,440,6,1,133.99880186849788
32.85502331131613,0.011803062200552893,407,6,1,135.66161609100627
36.22313181014202,0.03663297420300804,129,2,0,109.48919803439777
68.88925332731864,0.1356597084850306,431,10,1,59.55533189978971
76.47558029657961,0.28016250525837144,446,6,1,72.91748272302337
80.2000091539556,0.09484683149302515,326,4,0,44.817232191588545
80.01372356548262,0.15217044260651771,173,12,1,48.587715530264425
13.664579789625584,0.01247185771511763,433,3,2,139.61346487336652
51.96992894674524,0.04450296028862666,474,11,2,95.86858551639446
10.468082201581208,0.29598903688765404,295,2,0,158.6754977039502
57.20524382075487,0.28953560893081365,274,1,1,86.88725115571592
46.945397630470815,0.0014819942803228846,329,11,2,90.72364140839838
89.33189736203848,0.28554353562697166,170,11,2,37.42078357440843
38.33692619244748,0.1917359813446501,385,5,1,124.19335736904151
16.121366560622555,0.2603754883560066,317,2,1,129.701788698152
18.584209795019405,0.13642195669015772,98,2,2,110.08045457860014
77.34351001315986,0.15467880857377506,151,7,2,45.88176200973022
63.7307160150448,0.14665397407707606,212,8,0,70.35893423423046
14.606654231665074,0.2000592772638313,318,10,0,155.88409468173336
12.990146580924756,0.04189537642689387,236,8,2,137.13282540139534
71.5920674886164,0.008992076961803385,498,4,0,68.0561545553924
11.912485604598384,0.09237898247735728,452,1,2,160.61545276715086
83.07670563258384,0.211404228820994,343,11,2,45.759572023519226
72.09301157986714,0.060556035636884505,231,7,0,66.57284262945454
12.728134160980478,0.20202972999747518,50,1,0,145.27914837295367
13.059582838093233,0.2909736138321811,205,11,1,160.67891738910214
98.73075995761167,0.028170214736825516,77,4,1,7.850828113262303
40.55572559683143,0.20178063546753788,485,8,1,144.54217440874694
40.211003971354636,0.13312506579137134,273,2,2,115.95371802371317
82.21595888946274,0.2604426763132516,11,6,0,35.36826231939621
94.98861485146658,0.05314493683421577,370,6,2,36.88399340819493
98.67010106317274,0.20778778566784936,134,12,0,2.708188514066652
76.57092759959946,0.25143458689443304,119,9,2,54.861340571993516
40.744660625437,0.28338426584220694,95,5,1,110.99382525487475
12.932568086373532,0.20497440848689374,434,10,1,163.86007591557137
78.82895701310649,0.1491524292025282,129,4,1,42.32639723207782
58.048403724901476,0.18535417206036414,136,5,2,68.87236944729584
45.301090878462745,0.26067149534361544,264,12,0,100.38846832897703
91.10366658399992,0.1711829239916489,192,12,0,32.5243954860564
15.563760819084377,0.009116117909051058,25,10,1,117.22497234254607
51.79938490763162,0.2792846086520933,486,11,1,128.26682922762996
6.078596252904811,0.20685802530946834,71,5,1,128.36603009267915
49.522760989442,0.20295401573317395,378,8,1,101.52918062704967
10.348811189774548,0.06470254571931515,441,10,0,160.8658068923809
16.287702045466833,0.19766564106979714,167,12,2,148.8759382636225
16.16499344382496,0.11815932169624754,277,8,2,136.35122864645066
66.67497870102605,0.19536989311244762,44,2,2,73.29897454296544
75.87426353021522,0.031977909092397214,276,7,2,37.64918972116781
60.420032684230165,0.1973535913809108,73,8,1,67.22634465662462
96.40639210508148,0.29982411773119994,59,11,1,29.539093281732008
40.612705054751885,0.014463611658166807,478,6,1,124.10600864870804
32.14264819677677,0.29315225526639516,264,5,2,115.60362750434363
87.51691717799872,0.12207238821686117,158,11,1,59.17861154799656
26.241604659348,0.26122603510117776,334,9,1,131.4239791343648
96.50614124685808,0.23471564521748203,313,3,0,19.504745615309158
6.154675095532553,0.17010487829600032,285,12,0,168.55038018923378
97.13848853722571,0.22153476277539794,366,10,1,30.186070797116763
9.10019163530473,0.26355466839040437,460,4,0,167.5669228411657
89.65859580131675,0.12124209649530988,181,9,0,36.58065169848758
55.13160536319849,0.0981099484689716,426,6,1,78.23513247437276
99.33165563133353,0.2002780156690754,210,8,1,4.495073336706454
12.010673649862891,0.24235378258237755,454,7,1,160.82744500289223
57.61615701812548,0.22868554043298472,402,11,1,105.88905888899428
97.0837408838144,0.23934409465759032,333,2,2,27.451040473030083
54.694295196164134,0.1306749944438799,44,3,2,92.68387377323394
64.79287062284993,0.24535026485250647,474,1,1,100.78835492006934
71.09612545353863,0.03606271661118253,491,9,0,72.53840949532602
48.181401152938456,0.16334672938825487,225,7,1,100.54247333375264
64.61801760798602,0.0017275981494364711,489,1,1,80.42937974566135
60.50985963269452,0.09737574897008108,74,3,0,69.40117528628326
90.61001099664395,0.10993846046141936,17,4,2,16.76948955332325
9.317406132438498,0.11885180748277661,310,4,1,154.96460284340944
31.69150301126188,0.20864016200695865,352,5,1,119.7951520175293
95.28909098727308,0.11656743038110372,440,3,2,12.794307145243756
89.57505946963705,0.1346080867867592,433,3,2,55.05852122770287
48.28739151464273,0.07126323926229823,341,1,0,99.7546590590038
63.91259679114599,0.11197553748880203,447,7,2,82.141995243939
31.351212383207603,0.06818088817894544,85,11,2,114.61671706271466
22.871510173757326,0.02195877713053309,183,10,2,117.65669904795418
49.051348469298304,0.18103457801441336,56,1,0,78.26408406292887
38.568461662475016,0.20046383956650488,24,2,2,100.5336525478312
60.44733062583285,0.18584710380288436,370,4,2,100.80234406903307
12.38479051167356,0.1390482131401717,156,4,0,134.48781460456698
97.56750672828582,0.11393573405376894,35,5,2,-15.175126957821947
98.69002072556228,0.25900009487154757,317,11,2,25.550962737046426
71.3253628318758,0.1557245355408654,102,2,0,67.3251816915814
55.929154802691436,0.14375456328891928,415,4,1,76.71855571686527
34.405123547201136,0.007692619741930706,241,1,0,99.0241096280661
82.31052687216012,0.1023743482878469,30,2,2,35.78839451193385
70.04946139261853,0.1140586856357571,316,1,2,92.12781254761342
20.44860923776467,0.11964683426907013,47,10,2,114.07731117154455
91.53808252691503,0.17405171076819967,285,10,0,21.67612083335785
83.14103807770105,0.16008076401806354,166,4,2,44.979464772743455
95.23099176273278,0.18237152783803337,188,4,2,37.718833147739545
73.9433532968942,0.22946497846263847,141,7,0,51.367231854533514
63.27444361390004,0.24389572161482803,320,10,1,67.06917909866966
44.73308844760879,0.21543692286794833,464,11,1,121.20970568084769
93.60920591863126,0.2866571087864804,357,11,2,47.91746053440685
87.27606950253879,0.005469774802908489,37,9,0,38.995935751719735
9.295773660087994,0.05873339570506383,269,9,2,159.01248041836396
7.50486257723894,0.002268862493442636,415,5,0,167.88681002253753
40.76401985341471,0.1942424142463809,85,10,0,100.19463949351793
82.00256642427412,0.26940916468499604,438,1,1,86.7816520195333
98.79123228491973,0.07304468897288978,76,1,1,5.283965915380188
19.289604654835177,0.278110363438892,351,6,0,146.40188997557414
61.442417958452836,0.018080217086868255,203,2,2,86.98553310185022
41.18463137994704,0.2803308080416543,481,8,1,111.54722054320804
97.1418677923873,0.10548680617189032,171,9,2,-0.3625452252655883
85.00129769789233,0.030426248534764954,356,4,1,43.0149351258846
84.6412269475581,0.14576152775589768,448,5,1,52.70887073370079
49.52585018052218,0.07703297031615237,370,11,2,95.78399342951774
44.40785272207819,0.08546187058857685,266,8,1,110.90061201752808
30.973671833417093,0.09218698947788596,81,3,1,103.11677990088295
10.355672181838075,0.24090776934979902,96,5,2,151.9535514509796
87.14862574423006,0.16174838300257635,431,3,1,45.313421007401864
82.22559586735737,0.09339230974680109,271,12,1,35.96903668523648
99.9731789621824,0.18310013499327552,223,10,1,19.726837466783323
99.68049952202101,0.21484520226695805,162,3,2,27.847468863267427
57.766012032249606,0.08178720022006013,219,3,0,99.5960231669336
78.0538044421485,0.12406473045760545,410,12,2,65.4167196886472
94.75274433883067,0.036565828001084266,70,7,0,-11.909175122206301
85.71650211435409,0.05434480486040409,277,7,1,37.611086217072575
28.498069665603776,0.20433535618949483,271,7,0,131.51769122009742
47.801692854458885,0.05443150430868808,227,10,2,101.73112602954556
17.270144439392023,0.15754901510011804,292,8,2,148.42033712081525
95.63484758957863,0.2127138785167298,145,5,1,36.96431171448931
62.586590272833604,0.03206307692842315,476,5,0,85.43997459332347
26.72106652282896,0.17019366588867105,389,4,1,153.466064205169
68.8115650185564,0.07696883511040913,371,7,1,64.79363502720292
63.72218284350011,0.2888780625712739,458,10,2,93.20406353628047
39.02545821311985,0.1450636940159774,450,4,0,129.48141273501807
15.787971258964756,0.24179776493254743,102,2,0,137.7859906552458
68.79945358131596,0.16506796264687854,118,4,0,53.054089739559224
54.429231585860364,0.013023759856445749,250,8,0,75.21381961716489
78.37024721488574,0.1899454126782067,364,9,1,52.64974364069251
54.41553260563937,0.2854210026619971,433,3,1,109.52337043339409
85.95724253026131,0.18048354604389935,151,7,2,19.29023321045743
57.43114968357612,0.24575665782803705,300,12,1,75.58140810285859
58.2891072958617,0.26526193900452233,441,9,1,116.5069009300062
88.28209225254278,0.06842393158467974,246,11,2,26.047090990678043
43.330872290177716,0.063613451972468,349,4,2,107.63451267507432
17.73144670281087,0.1832942966552975,321,10,2,133.72608059955732
7.734354249767202,0.12330854094201141,186,3,1,154.80513835034256
76.7380392889938,0.2519583908600161,150,5,1,47.80079393269606
63.92940737857914,0.2700069370194033,198,1,2,61.8753408014973
71.88757796942623,0.10602641379081543,495,3,2,85.58915811104855
25.23159534334652,0.07106116769234462,58,8,2,130.43132264020616
17.955290180743127,0.23415765457315854,311,11,1,149.2513995504031
6.381743238448783,0.08244181066444083,378,8,1,173.443666002328
38.305818086626715,0.2467842955541035,199,4,0,133.86341452503672
61.042180251190146,0.12712147609462884,145,2,1,79.5835627595271
42.26318428447457,0.20026496978744113,52,8,1,104.01526945775983
46.56011759225426,0.028660594150400454,413,8,1,104.23235028397173
90.8950759769061,0.1871577974029719,389,10,2,48.96024955338186
38.08426936721353,0.13553030362116872,362,4,1,114.11091719534177
53.82900147018203,0.17598253895264224,99,3,2,80.2392660507446
79.4470362104086,0.05040426232345902,304,2,0,53.05857255268521
42.671564320520666,0.22106212348325463,350,9,0,109.80711099178644
64.09823652164798,0.25883912326296854,254,1,2,75.83660465274144
86.92455233094078,0.06502194002723269,442,7,2,44.9661351513002
95.204459247476,0.028714366656048516,201,5,2,30.185104967519123
18.971980688258604,0.007091575813900918,327,8,1,126.91997022271066
93.02582439034197,0.1925914501329798,115,4,0,33.432620948188664
51.751047842556126,0.18212821082663422,372,7,2,107.99780290553221
29.533216888401043,0.164009223814221,319,5,1,137.70875595107756
48.61789684263482,0.06958412883479262,391,5,0,92.03489737569251
98.10309465212032,0.11727179877165439,242,9,1,3.8821318052928717
51.79871892932261,0.17834290055585192,274,9,0,100.51607135792291
36.23140297731328,0.14903005765775082,353,9,1,122.62978626105725
65.17308116008894,0.29633565606446616,46,12,0,79.40092741072121
27.81383378392834,0.040931925767019935,314,6,0,119.02047733236311
12.207016170323072,0.20854336621427813,50,6,1,152.2178278177929
17.243573581511676,0.12129563043128763,26,5,2,142.043542271491
17.164354700988383,0.12845988447768442,353,9,0,147.37336496190815
19.430755883667963,0.21527932969745286,286,10,2,150.08712769201887
18.188581401693963,0.20773084539731088,316,8,1,152.72333474256556
65.8831007563054,0.2973767981106565,68,7,2,61.22949348077823
22.27860801791876,0.03851828683623757,432,7,2,145.41896833777983
37.838391915767005,0.0312328948152499,192,6,2,120.62904027612213
90.19489894107113,0.21730164513862235,50,5,2,28.29477319075079
50.026355824972875,0.1735160751019227,48,4,2,71.42702063112026
68.41798515949759,0.08224819996794176,406,3,0,64.9131669500106
21.370387764154835,0.02382581069669598,201,3,0,111.39141440008629
23.267456786823722,0.02569747487892916,276,6,0,143.08629985417153
8.882518545315492,0.2682572623992355,156,4,1,165.5301382652695
21.04883099185563,0.05756019741562287,404,12,2,136.4910706663195
31.46608220803607,0.09701146863465622,342,12,0,110.57085089998934
21.81599600629095,0.0679969206680964,136,6,1,119.14290244154348
13.426740706920283,0.10649889174958119,55,3,0,131.55206387012714
16.460407754557075,0.02082715282382801,54,4,0,130.14482199955637
48.77398296310895,0.1557179372724811,10,9,2,85.88251585094443
24.601703248550287,0.02028376907766447,177,5,1,136.37595333479481
39.60563679956717,0.24010695234670845,117,7,2,101.51934384100423
52.8246407312114,0.0701136245731299,28,10,2,60.5868415883001
70.58750871978971,0.16200357438135318,341,2,0,57.69913088796016
8.734653284904399,0.26402372626843745,81,5,2,153.91895784160027
80.94398789635905,0.19526321071415825,465,9,1,54.31039802171143
64.65053700163624,0.15988733596540058,454,11,2,80.79847584068541
12.767108035142831,0.09730012593461268,118,3,2,137.07400844082196
87.98996929014383,0.09990057391745938,277,9,2,46.76245929770906
92.48287805052226,0.20084608655945704,454,11,0,38.14833038126623
10.802406186212057,0.2982418083663502,249,6,1,157.38506036952134
31.303376573984355,0.19855175695481359,426,4,0,141.44535879835192
81.58912158034083,0.16733502521100746,310,7,0,45.83324977971836
76.08467058644754,0.2191951530717738,99,8,0,56.01487551848756
22.529496838855845,0.13956168368511543,112,6,0,132.0986915461896
24.88818571698748,0.018042702780235564,485,5,0,139.23751515314135
40.19484976518129,0.16868904476337293,259,6,1,99.74821376333182
51.02968359314703,0.287287585351614,462,5,2,123.21759612307953
63.734203295378116,0.05259088270729789,17,8,0,80.08507715812885
40.04679575912838,0.20700146724619972,162,1,0,108.46816110629135
48.94079803264905,0.06028010659771694,356,11,1,86.93925954720852
76.00973912270688,0.16074830534192439,183,7,1,53.46383366628614
8.484904274606802,0.029002934894015883,352,10,2,166.2213917386506
28.981509712681973,0.13511128087745553,167,10,1,115.48142271769373
72.76821065903248,0.2268489986685738,440,11,2,72.90114210369809
90.04464958028393,0.10427145727169462,224,2,0,34.75313985728025
53.60935700098828,0.1994735173461654,186,9,0,100.89011888788508
55.550781100204986,0.23863498823691875,184,1,2,95.5598150924322
15.181341077278725,0.2781533458438358,349,11,1,166.7543353715963
47.50417484822819,0.07039262455663606,347,10,2,95.35068338872529
55.5986403132272,0.11979477474279243,155,6,1,84.36096781903805
28.034697845299316,0.04572480399912523,459,9,0,125.96456016075601
30.57810694019119,0.29774505064751255,333,1,1,144.12535312094096
40.841995494939155,0.27810029037728856,487,4,2,138.50421768431187
6.906763788884005,0.16198713908416787,170,4,2,161.7728469586086
35.59752073040194,0.25260998831292636,136,9,0,112.36011245209524
25.08756066467174,0.15628739318161264,429,11,1,139.59575738165702
36.112248456901895,0.1870757064008279,91,5,1,127.80057474130865
16.377402522828866,0.026737329634804984,494,5,1,147.963658251262
89.60009167029003,0.22658112614904236,156,6,0,45.22886047652274
61.39128308763462,0.038314045090570445,248,1,1,75.61769360526182
69.51472031872652,0.2478202890757585,421,1,2,75.82756949109972
79.97126766769713,0.23460842630111575,433,9,1,49.97702953881583
52.35200889826044,0.21262340932289292,93,3,0,88.86916092463906
13.257427368305251,0.010848114157428633,122,4,1,137.6672733214748
56.02512147276204,0.09093850678359858,234,1,1,100.27458984463021
60.749906211983514,0.07893377097325285,341,9,2,71.26990227646239
75.81675004751135,0.10804092224145573,387,8,1,83.97460695628361
46.00765689181954,0.026292824029151562,252,2,2,98.6912611586942
17.120128765578556,0.2810873469093188,152,8,2,149.75246640931968
31.958711050878826,0.16614067221371287,50,7,0,106.93824569004511
39.49281815787033,0.09165729319740706,432,11,2,120.09070049860954
66.36213792650211,0.11909445512228502,267,6,2,74.49202514869319
59.22393894354663,0.1341607621514507,456,1,0,100.04540261046135
38.82918896029539,0.1801783000081852,294,7,2,105.68190948404676
98.71894863533308,0.15470382830894933,114,10,0,29.424577020328222
62.54860783890428,0.2758175919643252,211,7,1,84.13212307757964
27.536545214919474,0.14908904487174907,459,9,0,145.18192337428135
14.669334898938356,0.2976474044469938,316,1,2,156.46894525889456
19.52161822251154,0.2554274873235287,340,2,0,141.20752064961863
28.365984196528274,0.06255315430720074,470,11,2,134.80592769460048
20.26473045965779,0.27917856439317484,275,9,1,149.18478802840423
22.723867284874046,0.034909919365642826,407,9,0,124.15541235982617
32.084041025915475,0.24523491254735746,219,6,1,133.01853814014592
21.470491553001708,0.11418698804297402,60,6,2,136.46885841161193
90.19271533951039,0.26339229613352083,127,4,2,26.933895559199208
12.62220583785601,0.2604170070322351,210,4,1,144.36168809210682
54.82858200917419,0.24177762003528633,386,5,0,96.11639421926003
43.98769856401784,0.2370091308921184,48,3,0,98.50785966844217
98.3259686063176,0.09140374172941224,37,1,2,6.28952407784086
15.643695705964973,0.024275784915375652,268,1,1,140.5390673591135
42.79628190934545,0.12089405362954843,93,12,1,98.71505679421841
97.09969116116004,0.0520573544959526,463,7,0,16.42064159580128
87.22317695992813,0.20848532667073852,164,1,0,25.2565446206121
82.6218467401816,0.10382991796133566,126,1,0,10.33594837856294
29.500768569269283,0.29268306025797447,11,3,1,130.3584524435295
21.234320802056253,0.1922916232035996,102,10,0,133.0153701632701
68.52110589282094,0.24674416909030827,175,4,0,78.78406092993558
93.29071896712065,0.03975740182255453,396,4,2,20.47441168233283
57.89247483632333,0.2586043446817868,409,2,0,96.78557837493598
59.303205499640484,0.2768271571540183,359,1,0,94.9848146694062
31.598013897726997,0.14611857564568076,305,3,1,119.5410829873934
78.10182865323401,0.18187588132529323,267,11,1,39.75677310174572
22.76915611296472,0.22944294027089862,90,4,2,149.2771262054494
35.74952745840315,0.052451588178123766,434,3,0,134.69112163400197
45.41646166855959,0.1507698229390327,277,8,2,99.44447592685859
53.22298597502323,0.11959890833169393,428,10,1,102.64774290574593
28.028924579432623,0.04391219764867473,244,1,2,117.50431624971588
15.909498350224336,0.11026032668745943,330,2,1,138.194732778789
63.0089040319551,0.02045169281564807,320,7,2,90.78184364241989
32.4199025578243,0.007743572084846095,310,4,2,100.70363595344783
60.217631035148166,0.04054988674644683,472,8,0,82.44601081488894
19.664457951049222,0.28893453347675213,483,11,2,159.94327801968612
50.70830967620766,0.1648588607685051,366,3,0,116.99284431098661
55.595996092400654,0.289746648345966,222,6,0,101.1592248210575
9.923235998130556,0.1297493634990396,71,9,0,128.43011643208297
36.977406428422455,0.09354483992557787,58,1,0,102.0836299433034
17.769394309202553,0.15184255885207323,136,1,2,137.94863846244343
11.020622194912935,0.13185350658987302,232,8,1,149.3783586841298
99.0462220770448,0.03169940527852317,418,3,1,30.11372822366198
35.623615272598684,0.19224789440706186,288,5,1,106.4859025338953
81.93807235619032,0.06481145475287987,417,1,2,47.09710507799183
29.190862202557565,0.18587638646934887,303,5,0,135.44571350176184
69.74275861127327,0.195060327719446,293,11,1,76.58463532066881
77.22164668952023,0.04560745593859443,286,6,2,52.242097497741355
61.585680357745204,0.01840488813320045,447,8,0,78.00780186703923
49.799737912265044,0.23422847582053194,116,3,1,91.61240418636432
44.12488684399051,0.13794012713079604,155,3,0,105.86374731432642
38.14248532158455,0.017449138651642736,429,12,1,115.44773679145992
93.30526870354346,0.29845989515093013,108,11,1,19.946616247826015
83.90884373983427,0.01733416829890999,438,11,1,34.56846696574506
96.67755651331869,0.20851056865756595,384,10,0,19.71281944853916
16.80823623112675,0.29510367757902406,82,9,2,158.19863771715464
74.4324101443462,0.07175403126477768,446,4,0,72.313704702844
94.1423433979986,0.04267481060615885,495,4,1,34.60534660150458
22.217141285737714,0.036415481826728664,131,12,0,120.50713731108901
11.317145399843863,0.09098254427027866,39,7,2,133.78410903407456
75.40646168255562,0.030313743303194005,197,2,0,59.18836571714838
59.57494575209163,0.20764840250823957,373,8,2,108.71433657902195
84.97373379203584,0.018687539439018807,363,6,2,35.56984704462178
18.2783757794975,0.1528266384449369,297,3,0,156.4579234595577
80.55039462668957,0.299009056155893,460,9,1,67.40499002134919
24.15459540453573,0.24419108085180563,204,5,2,134.05337163668202
20.54731457224193,0.18456583146930325,165,8,0,151.6994625434015
20.605250803444328,0.09187608623598349,181,7,2,132.63427089920492
82.3845984219813,0.18716875088749155,344,8,1,55.945184303949006
68.193735966139,0.1581124391734955,50,7,0,60.59775733858073
54.69121535306633,0.12782501516711145,72,3,0,61.69843406216154
39.088895991732734,0.03921311302205984,32,2,0,97.8114231506645
88.33405137724529,0.26598126457214,369,7,1,43.621065918336726
42.28228520515036,0.13493539464639676,84,3,2,83.31181052313808
82.57694674979983,0.05838675354622952,57,3,0,26.732546748124115
46.71781631417075,0.11032780526318688,169,2,2,88.63577709553377
40.80972079536622,0.1242389257586781,322,4,2,121.39619048618788
48.954579638612614,0.24826136867006227,127,8,1,84.69330281456386
33.6308980455935,0.22008431416842061,109,12,0,108.10939424953823
76.02289111674385,0.23079146809240192,389,1,2,69.30911933498444
52.75843705878552,0.003309379328594164,426,1,0,79.06987566470896
27.060206038947644,0.12484619945392844,417,12,0,129.91193333195162
90.459584461084,0.14440324549059708,176,5,1,13.686018229571612
41.46966603045509,0.005757683046917005,299,11,0,112.23349970671718
56.63752180582892,0.07794396262351026,449,5,0,88.37728421803028
91.11485054163195,0.2280869469366405,165,11,2,32.82289308436167
64.30260961182924,0.04113291171869971,430,12,1,86.26283436610203
16.105313867294587,0.1605930394357775,16,1,0,127.44899233430813
94.28405174328013,0.06456056160517125,205,6,2,18.93208037885833
64.6322650417847,0.0036362323931679818,430,1,1,64.17013406392391
36.81603339242318,0.07236043727986244,65,5,1,91.05893456540022
18.230846903021792,0.29276212647301614,330,9,2,144.58600702905935
80.43239298067812,0.24046113356489687,202,12,2,46.549563298891016
63.90691181320879,0.28787299329631,56,5,2,67.48532660327166
55.67880373775054,0.14635621317790873,157,6,2,84.53592656125342
89.91979538984097,0.03292085960325105,284,8,2,22.054180414982085
79.91673506633042,0.16438784669210788,166,11,0,49.840616494284546
19.40911357461136,0.13631320036798825,211,1,0,143.10200257171465
34.61359644057708,0.2533071248218848,453,2,1,128.71673975190598
28.606468282374244,0.029424774235273374,411,9,0,121.06429056401849
75.67489779440432,0.14647234110653345,485,3,0,68.91206068352011
8.185581299899042,0.04501459940819528,428,6,0,159.34318339045674
59.13952006277507,0.09740277806701798,436,5,2,90.16437710192373
77.4335751453656,0.2212071232163399,488,11,1,85.00865780536827
88.2927354923662,0.14280543881062996,484,2,1,49.58753918625935
37.49776612801121,0.1127664855437308,135,7,1,99.74936947236841
83.01944394384122,0.11834288357101058,404,4,1,42.679082143368106
15.510015010744686,0.137834030521796,314,1,0,140.80466269675694
85.41296771477923,0.23550496315111705,378,4,0,37.92813351427582
17.111422921538328,0.2676254066820703,303,6,2,162.1915720352518
42.74229260323489,0.28660040595117847,73,7,1,81.53379319914895
80.7430597490576,0.23607101587658852,334,7,0,62.270009347436094
19.242155598133508,0.09462206872440382,401,7,0,137.23723097226764
26.77888254710094,0.20644041182596265,427,3,2,136.37964462440553
73.6139939973413,0.13128093721661757,185,6,2,46.41317944937505
73.40347097187707,0.07640118661381536,125,8,2,64.42349946929548
65.90902512410324,0.25226147382777675,449,4,0,86.36269202209175
70.9251022243745,0.011527904688697499,213,8,0,62.74252714830165
56.55882211802164,0.27052859764062703,495,2,2,116.44346529095895
28.92091059616051,0.13844323938742023,330,10,1,131.6748508153543
37.84111938287235,0.1911604430424841,40,9,2,92.84010536926357
22.251783096135437,0.1978061766617348,397,9,2,144.15620668772587
91.30280332669469,0.2685353222119609,122,8,2,25.150080984893993
60.42222050278144,0.1910009046501622,374,10,2,82.58167285946296
43.080884592545786,0.18418007542801854,443,10,0,115.79143895608937
48.8905513461926,0.01999561216820699,334,1,1,93.02239716819881
94.99191726312246,0.15552240658356123,423,2,2,40.55933604469723
19.56838329602762,0.04505070024511249,385,6,1,147.72300300601904
60.69183404159574,0.22123013061644567,353,10,1,86.3323037057641
53.05942449402427,0.15366657624380234,452,5,1,104.72888125223288
63.088152366291546,0.204068333762506,76,12,2,63.87758958933357
6.720467462979848,0.01250187018071528,84,9,0,157.892190570531
87.85177134969439,0.025437604813740966,54,5,2,16.539110333969
93.55123683594317,0.21489701641880468,269,2,1,45.839860413249774
58.68765244097485,0.02162530079960201,163,10,1,56.43911546080061
71.18182826830477,0.021377018329577578,164,4,0,48.69203593991327
92.6374412118431,0.003632542570466235,439,9,2,29.86568357462262
72.18767025977287,0.286950419489844,372,1,1,77.45593353231762
19.49120907685483,0.2212525078377021,457,11,0,163.29397980879108
59.74739421584725,0.10597542255061924,484,1,1,77.3837277731648
62.63792940637131,0.08896067438629657,243,12,0,61.56130918932878
45.29241377372667,0.10491096892375486,60,7,0,76.28784710843536
74.96220238434867,0.23239605935435453,315,11,2,78.12834136317889
93.76486640305642,0.1984111833211243,271,3,1,35.79930898944283
92.92900872614375,0.05555867036024038,324,10,2,18.740708344225176
47.82974028339255,0.0522328006002253,134,2,1,83.13608086536172
15.757614354871748,0.029518694914019192,408,9,2,160.05712717000827
98.55991390142178,0.19809081591040142,254,3,1,21.98347764027503
84.69531821236374,0.22931179866652077,39,2,2,33.0007312368687
16.842954714310352,0.0795139284975012,435,12,0,142.64829728517893
92.47997884865038,0.006283488309273844,494,8,1,26.0442830043005
87.64015439590219,0.0246515002429282,131,10,1,38.155581522724695
54.28961542697685,0.2903580104535091,134,6,0,106.5224932696308
61.17116639576828,0.08863343324322608,46,6,2,55.12297804063541
42.905256867662374,0.23076694435144007,179,10,1,120.17988520825966
10.202355688092977,0.18739907065627912,133,11,1,145.84252583777345
36.843737956360584,0.11458189189586876,366,7,2,124.09996761394143
81.27107761681108,0.06170617865866653,44,7,0,47.48083055586078
5.440042185437272,0.03641592544782193,96,11,2,147.0099670371989
36.6824213106587,0.18450389041166,143,6,2,108.07214335192137
42.826025891139615,0.2323901341913364,205,4,2,115.64127751073926
56.05258227910267,0.1931712760623392,283,11,1,78.63016201410046
92.38628355921225,0.15909063997474748,210,9,0,41.34572043832331
37.90286946476632,0.012585367029490879,378,6,0,114.10305807875092
37.96055418014163,0.29054663327831515,294,4,2,116.50899531216155
75.0626185704261,0.23961425749637236,86,12,1,47.64510898602092
47.96070438453168,0.08784661101028941,68,3,2,72.0166488554333
26.337458179298288,0.29399109880765517,440,4,1,141.83164600519544
47.98175403260587,0.18056447689089664,135,3,1,91.165215175692
18.38141693608099,0.17472679746217393,410,2,1,141.0512791518724
21.756763718091214,0.22442195382885963,118,5,1,134.03130235301612
52.34493841025058,0.24353093642704127,233,2,0,100.03831005123115
44.797917702932054,0.1969435821994508,287,6,1,104.86558119558029
91.9103606014695,0.038428723909860005,77,3,1,24.53315355848141
39.427420416080146,0.10148025179834952,78,6,2,91.76148213600389
60.155893276414126,0.2784250920978149,174,11,2,92.42124233246896
65.06510735235538,0.06738468355315558,498,10,0,81.88972020687328
6.243973375891695,0.111650107151254,314,9,2,177.36911699127256
68.0360503415875,0.12962306488325878,406,1,1,98.86925085416902
21.913416852626387,0.13182149690833564,171,6,2,127.5685136434444
96.30168015959823,0.18388187474835765,374,9,0,29.150934729005947
19.12295913654573,0.28292275132341227,351,11,2,150.54927764186485
44.38929175406725,0.07220781354975149,318,4,2,108.88347554814185
13.108218467471167,0.03645041289027542,388,11,0,164.81989264805793
99.703053925365,0.05924114695798119,352,12,0,14.479391618153532
52.70852598146804,0.2660774700627808,444,2,1,110.25352719571771
61.56157664540416,0.1937432437965618,396,4,2,85.78552432316417
11.37226535190061,0.08577203677174804,51,1,1,145.96129483614237
76.24624468792189,0.24478408169058516,363,3,2,81.11441398672332
24.94103134408065,0.2584109989090308,425,10,2,144.3557205550004
90.31515749686781,0.2539543016070834,118,9,1,16.426302168315146
24.488265845790682,0.27567796009186635,60,10,2,137.4905160047102
23.115333463048323,0.07567230605200848,259,5,2,123.73356292197342
8.472218445569013,0.22651257862388346,350,11,2,164.68614389320285
49.84635978544993,0.138161849182242,439,6,0,111.95886114965334
58.65990765994856,0.2525995658670184,392,3,1,97.21406533873915
11.242320745693474,0.21854720314848394,30,5,0,144.54667878335354
78.675123586026,0.23293423394991739,309,11,1,53.32520919387366
48.062439301062625,0.19684855130432144,148,8,1,66.14983081087215
54.817075586120104,0.05322863084091206,368,6,2,95.81902632042747
46.87246095913167,0.1635080756690815,333,4,1,101.98719535249893
43.07249078315597,0.29540092185735245,394,2,0,134.99467270169092
58.1658314742807,0.28121641994913565,101,9,0,85.84235408565443
19.747823363417687,0.0129521207391035,456,12,0,138.41461726648024
22.283172397050755,0.04944444471883114,289,1,1,144.16616452412583
86.86963399628414,0.03951863203636857,134,1,0,39.88277466697414
94.88096890269512,0.21779397299558864,492,4,1,40.977927152212
40.46438504657653,0.2453355989570835,406,7,0,133.80665103372166
30.720743948637608,0.06405340989320157,120,1,0,107.5684740178432
66.17995660770649,0.15175580788554868,363,9,1,78.06433317679674
43.82974625431916,0.25221090840335997,148,4,0,109.98000991587706
7.411703787732762,0.21984046342987518,493,3,2,182.37228333003654
19.834496749788084,0.1626711616475545,444,1,1,156.7970314438545
73.01736174050276,0.17710430713763187,282,10,1,60.102600940495726
67.59777448146437,0.152508164074884,108,4,1,72.56572288846206
7.574119287830932,0.08926453539564617,261,9,2,154.9077746069717
26.087355383630197,0.16950659785770483,347,10,1,131.00402319468802
26.952105675866783,0.2066655906150272,113,6,0,120.01174134381787
68.82981064187919,0.2619968747582423,223,6,0,90.40501168985668
6.872501086664595,0.19088740619377442,258,1,0,154.7157843987724
14.890315288534515,0.2283364611129474,161,10,1,160.04770239045007
80.99202811045299,0.048021490486371894,259,2,0,32.508365400537414
21.96174289516169,0.13846724232593696,284,11,1,143.0598022242962
67.01088024592809,0.002799485948127989,174,6,0,61.29448844342261
27.627364199439018,0.07400365935648691,496,2,2,153.2714054659281
14.44693231213779,0.21793851453390145,350,3,2,150.18250830680321
28.101358144948136,0.297542985404809,17,4,2,114.26846987321437
73.61535852628762,0.02975342987616477,293,11,2,54.54952992090698
86.29116447009714,0.12044829475838648,14,5,1,43.93368632517814
83.8708871338642,0.24002129060974783,154,9,0,35.05314903025341
42.73243531375321,0.06121069038866965,110,12,2,68.57771522676168
68.46808797421139,0.16652548479068588,173,4,1,64.87182065195003
24.473508064502994,0.21992138880890244,383,11,2,152.93103652330072
32.84903437479626,0.18479563507805372,156,9,2,107.62817086530966
90.15190275950638,0.05640742038462484,73,11,1,29.721838613504293
6.235182733519924,0.10661537060572182,100,10,1,140.61888457988167
13.123310431174467,0.23513753534561915,126,3,0,146.90632576360247
24.749194238872594,0.16626795423960497,363,8,0,146.86642950653192
7.520559368012873,0.001568884062873821,276,12,2,140.72295113374003
22.236366333530746,0.22829722800842814,319,1,2,145.82544521520083
60.38894829212076,0.01059340648207172,182,11,0,81.19598299884481
45.0353323062873,0.22372013481936964,56,9,0,101.17234927365104
89.8038125523126,0.06074416804957122,149,9,1,18.575228998101966
82.65713836515188,0.28742204403581406,255,10,0,68.32257818123082
37.472648411298216,0.11038222539062534,158,2,0,113.79406377180885
29.645226175972788,0.09807948490142372,255,4,2,104.58165498186894
41.07077877589035,0.0446664150997334,404,8,0,119.4695887384934
61.07801953890674,0.09168126464706446,496,7,2,82.05329139982035
30.466045878173244,0.26299522854846014,485,1,0,143.66632808658775
64.29414624566773,0.2989003012881742,14,5,1,79.2838357388397
43.89410695816784,0.11049285915205449,474,7,0,107.88743667370262
57.444482180938124,0.13458318928636276,193,4,0,63.756510052492814
46.43202026785509,0.2166212814608211,29,1,0,107.6884855903167
32.97424715648218,0.2658587341395223,434,9,2,147.17740068427233
95.10306416140489,0.17791330025603525,55,5,1,18.118508638864963
77.54255044517728,0.1174577094533488,21,11,0,49.143274319822666
18.31075169781299,0.12378655225458712,79,2,2,128.979332745373
87.50445771030172,0.20868544394904207,26,8,1,31.44728739960802
51.3059638337038,0.0009654790812836044,380,11,2,90.64644877714109
89.98246155493868,0.1858768012379522,156,2,2,28.83070687591658
80.98624931499495,0.10664790313240721,163,3,1,45.59604698498548
45.39528292457718,0.23825919938312526,313,10,0,97.38824734583461
7.134584290411153,0.027897191946939646,117,1,2,144.02717485407447
30.52434914156988,0.17646068008451715,245,11,2,128.4313050167051
56.45525039278236,0.14429186696583712,317,2,0,106.76272483873467
65.180430883484,0.19269765777156822,361,7,0,68.23889441022547
29.499330116154216,0.019456078344890503,79,10,1,115.87933932033746
18.238827036918295,0.17399513622843937,192,2,1,147.24300402032313
84.31837249593342,0.16844537638785712,259,6,1,26.127522768665372
98.51820716683746,0.16819802832485128,237,3,0,26.58791081007889
54.94056731875516,0.18104629997893643,111,4,2,90.99431481065189
21.309532155588833,0.20294038116790866,84,11,2,138.26924761883652
30.869196019340052,0.24149669990423092,426,8,1,136.23176841747474
6.747114272009339,0.0809462160384643,455,3,0,170.0090397591335
91.8583866232474,0.24751482305401862,225,10,2,37.53660819032013
16.186352874563408,0.1494767046790361,416,6,1,137.09973253895478
59.76906517385409,0.023117483740299347,408,1,2,83.83547967377848
31.03524596528457,0.01756527877319376,420,7,2,121.6546909309161
57.64691023900038,0.10027149560881823,212,8,0,72.0949877119605
66.8849368934271,0.23546909313344025,201,11,0,96.34574885239792
83.82547135218415,0.21230428042227473,258,8,2,60.30316418903307
24.610020817257304,0.23658448940172191,251,3,1,125.96247264105627
6.044603722555646,0.1551807169324828,474,10,0,175.85849222844905
18.00413485653669,0.13205969938664716,188,1,2,153.5770354401706
90.50177097556998,0.04423575801188518,446,9,0,23.79713989647926
88.01955736843895,0.09845782608279346,471,6,0,47.21338666555278
61.754244706179286,0.13020580985216257,228,11,0,76.51965069053414
62.04910174119707,0.02658012890388517,91,9,2,50.06042500840842
68.17848408189427,0.06618358581336338,101,7,1,59.88695621394907
21.660271469227713,0.17946758821912165,444,1,1,159.84543611229577
91.86913486287118,0.22069893427175694,184,12,1,47.51172033347262
44.78319986474695,0.2995042534178849,248,12,0,107.70677185751438
41.39816018370226,0.2799339994030673,269,1,2,140.36591004595113
54.297182001869565,0.19276955986055747,400,6,0,77.61303745625598
9.46176684363023,0.1263744159882216,374,5,1,164.38823763211033
20.796920031827543,0.1908532094124698,172,9,1,122.82433722358363
75.1131935605052,0.2356954854240696,57,2,2,52.86681030541468
12.865873452887016,0.03550085727701619,338,8,0,144.15716518347
62.29945039930688,0.12297146690888647,337,11,1,84.61817231038961
28.30816541972549,0.2519406856906852,125,5,2,125.11597901392409
41.98308333398777,0.1151498855799132,438,2,0,106.42302749774885
32.42590499321649,0.17156168136815594,346,10,0,119.63631710294325
38.788908064170165,0.17633080825865946,346,11,1,137.25777329117324
73.30936099250331,0.0553428759400918,378,11,1,66.13833969287377
33.22656298420163,0.10867063249568651,234,12,0,100.272400083098
58.808440828205235,0.10035338662257964,361,6,0,90.36288543998876
50.22478820891447,0.007859012559619438,337,10,1,89.9590016910293
68.04876070945157,0.007257529167406573,156,8,0,56.13574626516437
93.99882523585201,0.24950911310273202,72,4,1,33.27609934117655
74.59434923497378,0.08192124299184372,303,2,0,69.18681003425998
25.419335966121892,0.15542362987164463,332,12,1,127.65405026519251
7.962397830822043,0.08961767207663192,452,11,2,164.83987031604468
29.915084208483382,0.28220377353460213,334,5,1,130.47645233661933
61.53240341652421,0.07778902765973213,22,12,1,68.65946806894291
9.885452281003783,0.12889704382168052,440,2,2,161.29362883221668
52.154793484117455,0.26181907514538055,198,2,0,95.05127832811161
61.700070647104475,0.25258007003754257,296,6,2,82.17612992111876
36.75316962761128,0.0558304253538832,217,11,1,107.45057167058393
78.23665935585308,0.24079299293871312,123,10,0,67.88117067243739
15.126834047708321,0.13745606602136778,489,9,2,182.54021387718313
12.138089264901833,0.14489066162560657,31,4,0,144.35832012135236
74.17793183934232,0.04004399172478313,358,6,0,57.635604029056644
52.071675039588854,0.024180454127137395,223,7,2,68.29514253807677
70.39822766063493,0.21838179209212955,180,11,0,56.71756611554034
46.30859716735589,0.14893834570658993,332,6,2,103.3166611764366
28.408193157715147,0.13105521078455387,63,8,1,109.93983859628071
82.81472017904898,0.21885246859571902,403,4,0,50.771535532493274
80.94450850205303,0.22965386969733292,307,12,1,71.16982547234876
70.99616473117054,0.047672450300806066,329,1,1,62.62728355566932
30.853788036846456,0.18306754484329238,135,7,0,120.8048151009143
61.07191335256327,0.04060622468330566,286,3,2,67.98053560193812
39.292520209302545,0.22541252580871368,473,6,0,137.75729322417774
13.700296966030244,0.19708654688014185,213,2,1,147.82809561507605
92.14478966891306,0.28698438632503737,203,9,1,31.07339816137371
17.997769937301335,0.020687404906926353,178,1,2,117.1302071662999
95.27254861297624,0.017116416345376296,161,6,0,15.385978760290811
47.370548431005794,0.08465612240796004,44,6,1,79.85640345611529
